{
  "_lds": {
    "uuid": "saint-phase1-complete-2026-001",
    "type": "phase_summary",
    "version": "1.0.0",
    "created": "2026-02-14T12:00:00Z",
    "parent": "saint-master-2026-001",
    "phase": 1,
    "status": "COMPLETE"
  },
  "summary": {
    "phase_name": "FOUNDATION",
    "entities_created": 4,
    "files": [
      "SAINT_KERNEL.lds.json — L1 validation engine with CHECK-THEN-ACT, all 8 invariants enforced, 5 GCP-specific validation rules",
      "SAINT_BOUNDARIES.lds.json — 4-role permission system (gcp_admin, gcp_engineer, sales_rep, contractor) with escalation rules",
      "SAINT_SHELL.lds.json — Responsive app shell with role-aware navigation, entity loader, glassmorphism design, white-label theming",
      "SAINT_AUTH.lds.json — Dual-mode auth (demo quick-login + Clerk production) with GCP SSO stub for Phase 5"
    ],
    "key_features_delivered": [
      "Stateless kernel validation (sub-millisecond target)",
      "All 8 invariants enforced (IV.01 through IV.08)",
      "Fail-closed architecture — unknown actions DENIED",
      "4-role boundary model with GCP-specific permissions",
      "Role-aware navigation — each role sees only their tools",
      "Entity-driven architecture — modular tool loading",
      "Demo mode with Nicole Calpin persona",
      "White-label ready theming system",
      "5 GCP-specific validation rules (product integrity, warranty boundary, territory compliance, data isolation, CAD standards)",
      "Audit logging on every kernel decision"
    ],
    "architecture_decisions": [
      "Follows TradeOS proven pattern: kernel → boundaries → shell → auth",
      "LDS Streaming Architecture: User Action → L1 Check → Load Entity → Render",
      "Entity-driven rendering — .lds.json defines everything",
      "Stateless shell — intelligence lives in entities, not in shell",
      "White-label via config entity swap, not code changes"
    ]
  },
  "next_phase_instructions": {
    "phase": 2,
    "name": "GCP_TOOLS",
    "l0_command": "L0-CMD-2026-0214-002 (to be issued)",
    "entities_to_build": [
      "SAINT_SHOP_DRAWINGS.lds.json — AI-powered shop drawing automation from assembly letters to DXF output, integrating the existing ShopDrawings.AI workflow as a SAINT entity",
      "SAINT_OPP_SCRAPER.lds.json — Commercial development opportunity finder with Groq LPU classification, territory-filtered, daily alerts to sales team",
      "SAINT_PRODUCT_CONFIG.lds.json — GCP product configurator for building envelope assemblies, integrated with product catalog and specification compliance"
    ],
    "dependencies": "Phase 1 kernel, boundaries, shell, and auth must be assembled and functional before Phase 2 entities can load",
    "command_for_next_chat": "Continue building PROJECT SAINT Phase 2. Reference SAINT_MASTER_INDEX.lds.json and Phase 1 entities. Build the GCP_TOOLS tier: Shop Drawings, Opportunity Scraper, and Product Configurator. Each as a self-contained .lds.json entity file that loads into the SAINT shell via the entity loader."
  },
  "assembly_preview": {
    "when": "After all 6 phases complete",
    "how": "Create SAINT_ASSEMBLER.lds.json that extracts code from all entities, resolves imports, and produces deployable application",
    "output": "Deployable artifact — Railway backend + Vercel frontend, or all-Railway"
  }
}
